bioSample,barcode,cluster,numreads,seqLength,hasSpacer,coreType,type,SV,core_all,gDNA_all,cDNA_all
Bio_Sample_19-NA17244,bc1022--bc1062,0,164,8144,0,CYP2D6_2,*2,,*2;*34;*39,CYP2D6_2.001;CYP2D6_2.011;CYP2D6_2.019;CYP2D6_2.020;CYP2D6_2.029,CYP2D6_11.001;CYP2D6_2.001;CYP2D6_2.011;CYP2D6_2.012;CYP2D6_2.013;CYP2D6_2.014;CYP2D6_2.015;CYP2D6_2.017;CYP2D6_2.018;CYP2D6_2.019;CYP2D6_2.020;CYP2D6_2.021;CYP2D6_2.022;CYP2D6_2.024;CYP2D6_2.027;CYP2D6_2.029;CYP2D6_41.001;CYP2D6_41.003
Bio_Sample_19-NA17244,bc1022--bc1062,2,88,8673,1,CYP2D6_2,*2,DUP,*2;*34;*39,CYP2D6_2.001;CYP2D6_2.011;CYP2D6_2.019;CYP2D6_2.020;CYP2D6_2.029,CYP2D6_11.001;CYP2D6_2.001;CYP2D6_2.011;CYP2D6_2.012;CYP2D6_2.013;CYP2D6_2.014;CYP2D6_2.015;CYP2D6_2.017;CYP2D6_2.018;CYP2D6_2.019;CYP2D6_2.020;CYP2D6_2.021;CYP2D6_2.022;CYP2D6_2.024;CYP2D6_2.027;CYP2D6_2.029;CYP2D6_41.001;CYP2D6_41.003
Bio_Sample_19-NA17244,bc1022--bc1062,1,162,8145,0,CYP2D6_4,*4,,*4;*10;*39;*74,CYP2D6_4.001;CYP2D6_4.016;CYP2D6_4.022,CYP2D6_4.001;CYP2D6_4.015;CYP2D6_4.016;CYP2D6_4.017;CYP2D6_4.018;CYP2D6_4.022;CYP2D6_4.024;CYP2D6_4.026;CYP2D6_4.029;CYP2D6_4.030
Bio_Sample_19-NA17244,bc1022--bc1062,3,83,8675,1,CYP2D6_4,*4,DUP,*4;*10;*39;*74,CYP2D6_4.001;CYP2D6_4.016;CYP2D6_4.022,CYP2D6_4.001;CYP2D6_4.015;CYP2D6_4.016;CYP2D6_4.017;CYP2D6_4.018;CYP2D6_4.022;CYP2D6_4.024;CYP2D6_4.026;CYP2D6_4.029;CYP2D6_4.030
Bio_Sample_20-NA17276,bc1021--bc1061,1,151,8144,0,CYP2D6_2,*2,,*2;*34;*39,CYP2D6_2.001;CYP2D6_2.011;CYP2D6_2.019;CYP2D6_2.020;CYP2D6_2.029,CYP2D6_11.001;CYP2D6_2.001;CYP2D6_2.011;CYP2D6_2.012;CYP2D6_2.013;CYP2D6_2.014;CYP2D6_2.015;CYP2D6_2.017;CYP2D6_2.018;CYP2D6_2.019;CYP2D6_2.020;CYP2D6_2.021;CYP2D6_2.022;CYP2D6_2.024;CYP2D6_2.027;CYP2D6_2.029;CYP2D6_41.001;CYP2D6_41.003
Bio_Sample_20-NA17276,bc1021--bc1061,0,347,5205,0,CYP2D6_5,*5,DEL,,,
Bio_Sample_6-NA16688,bc1011--bc1051,1,204,8145,0,CYP2D6_10,*10,,*10;*39,CYP2D6_10.002,CYP2D6_10.002;CYP2D6_10.003;CYP2D6_10.004;CYP2D6_10.005;CYP2D6_4.004
Bio_Sample_6-NA16688,bc1011--bc1051,0,226,8144,0,CYP2D6_2,*2,,*2;*34;*39,,CYP2D6_11.001;CYP2D6_2.001;CYP2D6_2.011;CYP2D6_2.012;CYP2D6_2.013;CYP2D6_2.014;CYP2D6_2.015;CYP2D6_2.017;CYP2D6_2.018;CYP2D6_2.019;CYP2D6_2.020;CYP2D6_2.021;CYP2D6_2.022;CYP2D6_2.024;CYP2D6_2.027;CYP2D6_2.029;CYP2D6_41.001;CYP2D6_41.003
Bio_Sample_6-NA16688,bc1011--bc1051,2,61,10230,1,CYP2D6_36,*36,HYB,*36;*10;*83;*39,CYP2D6_36.001;CYP2D6_36.002;CYP2D6_36.003,CYP2D6_36.001;CYP2D6_36.002;CYP2D6_36.003
